submission,score
TH,45.2096227389933
MP,45.41985276181799
BP+TH,45.67972687958665
MÖK,47.07197439204275
BP,47.07954714540605
GA,50.65016347042176
JP,52.596512495939294
KG,52.80632522067465
JH,54.17934795163158
HDMS,55.58137369127168
WIDW,57.49415018507722
ISGMUB,57.90630365476456
IH,57.9588519005627
ZH,64.84856175368736
