submission,score
MP,7.827973646715188
BP+TH,8.627138227046775
TH,8.645609414542504
BP,8.719685653923198
WIDW,9.213688962828819
IH,9.213688969042401
KG,9.723104429473931
ISGMUB,9.769265166471637
JP,10.60309003468236
GA,10.70845401102911
MÖK,10.98404603209131
JH,13.083999469718446
ZH,13.644569955453212
HDMS,14.858122632988014
