submission,score
TH,33.93646901115074
MP,34.2492826552661
BP+TH,34.34068560599229
BP,35.47019409558695
MÖK,36.170207744938345
GA,37.92473307000809
KG,38.874823540919536
JP,39.37652432743656
JH,41.394412588145876
WIDW,42.504901857291145
IH,42.786308398226126
HDMS,43.270611897459204
ISGMUB,43.69831420045249
ZH,52.49077913118495
