submission,score
TH,51.380661441136326
BP+TH,51.503158883606055
MP,51.69919181447187
BP,52.698765818712126
MÖK,52.73357077354598
GA,59.11491059159413
JH,59.5056814450966
JP,60.35124471883946
KG,61.496265068226414
WIDW,62.480118983196604
IH,63.80564489182551
ISGMUB,64.40969573876185
HDMS,66.36713312703561
ZH,73.2615193320493
