submission,score
MP,49.69387687263507
TH,49.707230798015715
BP+TH,49.82449872896362
MÖK,50.88073224272152
BP,50.97828878420996
GA,56.46734072689991
JP,56.83435154117757
JH,58.130025002193165
KG,58.892494026395774
WIDW,60.89585629284681
IH,61.302913500444575
ISGMUB,61.72356802215453
HDMS,62.694402156223624
ZH,70.9118884105788
