submission,score
MP,48.79131905492786
TH,48.92977868662671
BP+TH,49.0478041597198
MÖK,49.918052166541734
BP,50.20189087057103
GA,55.12115491733677
JP,55.918862455790865
JH,57.40477637487241
KG,57.750875184540696
WIDW,60.33830478232399
IH,60.40100262691167
ISGMUB,60.79717143958895
HDMS,60.836324659305106
ZH,69.77975885440974
