submission,score
MP,52.526322796860896
BP+TH,53.30912220666107
TH,53.51219675165424
MÖK,53.77246624499769
BP,54.225199761161456
GA,60.49490213699483
JH,61.25016220698511
JP,61.75227856714507
KG,62.73958251553307
WIDW,63.47587037592542
IH,64.96620407487612
ISGMUB,65.64571959660711
HDMS,68.20007481508733
ZH,75.21425035893584
