submission,score
MP,47.39982355755432
TH,47.8074423768888
BP+TH,48.22490396335067
MÖK,49.149533217053744
BP,49.614756128170484
GA,53.12068640748374
JP,54.46760115809747
KG,55.95328000446384
JH,56.839029433227545
HDMS,58.60374531777004
IH,59.64438882247074
WIDW,59.8011710726004
ISGMUB,60.069310029190774
ZH,68.1569040285757
