submission,score
TH,40.71987014917127
BP+TH,41.47162991323286
MP,41.981107673428205
BP,43.11153617892006
MÖK,44.19991740658991
GA,46.74163658069686
KG,47.763723135229824
JP,48.882010353953014
JH,49.460990933992576
WIDW,52.06032953165788
IH,52.45042226583138
ISGMUB,52.74434847829792
HDMS,53.00668267549379
ZH,61.77551951003726
