submission,score
MP,8.291897844127591
TH,9.046597936588126
BP+TH,9.134557984363262
BP,9.342039888745171
WIDW,9.74608885950622
IH,9.74608886609587
KG,10.234986396560874
ISGMUB,10.39721286634079
MÖK,11.534025915152233
JP,11.535102536913206
GA,12.2897234617549
JH,13.671529256517251
ZH,16.392393028063513
HDMS,18.15842489211544
