submission,score
MP,18.66963914044136
TH,19.548950200216947
BP+TH,19.714651183341218
BP,20.327266662963222
WIDW,20.579622734154107
IH,20.655489536900983
MÖK,20.678976553493726
JP,20.934234821993883
KG,21.818816702859245
ISGMUB,21.965048455022462
GA,22.638536721792235
JH,25.582892716807272
HDMS,28.737622642567498
ZH,31.502168651321146
