submission,score
MP,21.007333629750065
TH,21.48437461204914
BP+TH,21.887087702923846
BP,22.79091136363003
WIDW,22.832686896904654
IH,22.911866967507965
MÖK,22.938687926429967
KG,23.997464868078616
ISGMUB,24.034878925299367
JP,24.86947664284743
GA,25.569824674734935
JH,27.932715147361147
HDMS,32.969021591696695
ZH,34.9481167489125
