submission,score
TH,50.92487283475383
BP+TH,51.14387056195861
MP,51.541107698524044
BP,52.42747953905078
MÖK,52.49596816932215
GA,58.443424768737415
JH,59.1799813059423
JP,60.050691252862755
KG,60.940778624602416
WIDW,61.95550123503266
IH,63.48697188291735
ISGMUB,64.04064216845148
HDMS,65.1626503367446
ZH,72.59098799401974
