submission,score
TH,50.54686351825304
BP+TH,50.81124452257723
MP,51.24983575733626
BP,52.13826624018799
MÖK,52.25230971178489
GA,57.72516499484834
JP,58.43280959210987
JH,58.92733709017151
KG,60.24052157991052
WIDW,61.771246604152914
IH,62.58337834936359
ISGMUB,63.09430745551996
HDMS,64.27596604837552
ZH,71.88418526220062
