submission,score
MP,29.334034171290053
TH,29.519542112129958
BP+TH,29.790786877162517
BP,30.67949698930433
MÖK,31.381158712867304
GA,32.97802109896807
KG,33.411114150749874
JP,33.58330435866457
WIDW,35.02939962150117
IH,35.2427791407125
ISGMUB,36.143736560832686
JH,36.3356313200178
HDMS,39.27688295764999
ZH,46.276775204809994
