submission,score
TH,24.39196843173244
BP+TH,24.948910613348865
MP,25.242463619664314
BP,26.04832594706308
MÖK,27.137095953357196
KG,27.317284210509637
GA,29.431984417765815
WIDW,29.904176425918703
JP,29.91626220167714
IH,30.060412303386098
ISGMUB,31.217774267928
JH,32.15648293278355
HDMS,36.472965750576115
ZH,42.02138779463856
