submission,score
MP,45.46944862419788
TH,45.52953101994795
BP+TH,45.84349093223631
BP,47.10828725384606
MÖK,47.11312501129164
GA,51.254619818998606
JP,53.07295313687331
KG,53.25506741944442
JH,54.234217964330455
HDMS,56.85649315891855
WIDW,57.542573960603924
ISGMUB,58.03181005258085
IH,58.09693486675752
ZH,65.71923301236758
