submission,score
TH,36.65180175357107
BP+TH,37.034473634098845
MP,37.08392904820437
BP,38.146510472925016
MÖK,38.4789041436785
GA,42.25826606407071
JP,42.56683977840243
KG,42.58950903297769
JH,44.600840896258966
WIDW,45.38223766614178
IH,45.67579458882944
ISGMUB,46.395515257151864
HDMS,48.358648956338115
ZH,55.57360672379811
