submission,score
MP,13.144409570689247
TH,13.793394944573834
BP+TH,14.059149316089618
WIDW,14.392343160893583
IH,14.423662858684432
KG,14.70291582294244
BP,14.734143805286584
ISGMUB,15.790521715419619
MÖK,16.005257440371018
GA,16.488797828062882
JP,17.199944771119537
JH,18.88611854784859
ZH,19.520239114249193
HDMS,21.226362634384827
