submission,score
MP,4.3609040379039445
TH,4.614683674345533
BP+TH,4.855428703706083
IH,4.935010730906574
WIDW,4.9350107316011105
KG,5.071526392593449
MÖK,5.137038802117702
BP,5.14707249904681
ISGMUB,5.85636909675766
JP,6.156545844097994
GA,6.534105951928691
JH,7.42909206063378
ZH,10.038891588558007
HDMS,10.42698889048248
