submission,score
MP,13.92740750600791
TH,14.803179033762202
WIDW,14.8423571399502
IH,14.859383075573792
BP+TH,14.91188609202723
KG,15.227330182023492
BP,15.43884704691366
ISGMUB,16.38450767158152
MÖK,16.620121848894655
JP,17.79882789462895
GA,18.124645926804597
JH,19.407817185402603
HDMS,24.25980266982799
ZH,24.69060822335432
