submission,score
TH,48.152374210562456
MP,48.270765505858606
BP+TH,48.53356830134211
MÖK,49.67658484239219
BP,49.897081796967825
GA,54.228704707857815
JP,55.7890996840069
KG,56.64787788996711
JH,57.110653854285935
HDMS,59.385410797296835
IH,60.16448574937316
WIDW,60.22963070352001
ISGMUB,60.54892241465436
ZH,69.03103797736208
